Model,TOPSIS Score,Rank
LED,1.0,1.0
BART,0.8147041691018615,2.0
T5,0.5524108647704352,3.0
PEGASUS,0.0,4.0
